epoch,acc,binary_crossentropy,dice_coef,loss,val_acc,val_binary_crossentropy,val_dice_coef,val_loss
0,0.6768605579500613,0.6479891603407653,0.02177338520793811,0.7800841512887374,0.9924501103739585,0.605821301860194,0.015267700707960513,0.7573857134388339
1,0.987715086211329,0.19813165910865949,0.010373479079293169,0.5147296138431715,0.9924501103739585,0.5481679804863469,0.015522775600754445,0.7226916936136061
2,0.990093021289162,0.12950834372769232,0.009918583906255662,0.47373758321223053,0.9924501103739585,0.5138825255055581,0.015793549437676708,0.7020121447501644
3,0.9901011430698893,0.10412116251561952,0.010149303428909701,0.4584129828473796,0.9924501103739585,0.491977354211192,0.01599971862930444,0.6887865374165196
4,0.9901008009910583,0.09186526306945345,0.012753715293238993,0.45001768029254413,0.9924501103739585,0.4823757929186667,0.016042356289202166,0.6830085400612124
5,0.9900597722634025,0.08232462778687477,0.0183342973013287,0.44206106921900873,0.9924501103739585,0.477683876791308,0.01606529302174045,0.6801842393413666
6,0.9896549737971762,0.08092915930825731,0.022798569791990776,0.4394380748271942,0.9924501103739585,0.4799144123831103,0.01597951791219173,0.6815568766286296
7,0.9883628850397856,0.07790723912741827,0.035644117580807724,0.4324867103410804,0.9924501103739585,0.47906169295310974,0.015877471275387273,0.6810860537713573
8,0.9849716969158339,0.07647576895744904,0.05623510083102662,0.42339142249978107,0.9924501103739585,0.4728890359401703,0.015855475148606683,0.6773912445191415
9,0.9837321716806163,0.0734927701237409,0.06851320851432241,0.4166903949302176,0.9924501103739585,0.4710577841727964,0.015631902572368423,0.6763819244600111
10,0.9837101568346438,0.07015242362799852,0.07259909598075825,0.413051830685657,0.9924501103739585,0.45258485309539304,0.015803044872178186,0.6652297050722183
11,0.9816995807315992,0.07186642856053684,0.07759292180771413,0.412082692851191,0.9924501103739585,0.4390360088117661,0.016073081882730607,0.6569924027689041
12,0.9818588547084642,0.06826785012431767,0.08958504397584044,0.40512669475182245,0.9924501103739585,0.4451577692262588,0.01569570036184403,0.6608164041273056
13,0.9803020150765128,0.07022692668049232,0.09554786623820015,0.403917019781859,0.9924501103739585,0.4344726666327446,0.0158378392638218,0.6543484714723402
14,0.9823427200317383,0.06426669738214949,0.10686270763044772,0.39581493320672406,0.9924501103739585,0.4248009083732482,0.015942261283916813,0.6485036899966579
15,0.9808711150418157,0.06559784078727597,0.12245916834344035,0.39037504014761554,0.9924501103739585,0.4366972532964522,0.015426425263285637,0.6558477974707081
16,0.9820405711298403,0.06640472813792851,0.10842464135392853,0.39647298273832904,0.9924501103739585,0.4160052364872348,0.01590623727609073,0.6432406671585575
17,0.9813116892524387,0.06644633217998173,0.13827847721784012,0.3845564126968384,0.9924501103739585,0.39462604349659336,0.01643372369149039,0.6302021588048627
18,0.9803487140199413,0.0697480513025885,0.11959074518602827,0.394012539283089,0.9924501103739585,0.4056987599019081,0.015709596565894542,0.6371354595307381
19,0.9827781915664673,0.06395751286460005,0.11828039392181065,0.391062354264052,0.9924501103739585,0.41174462629902747,0.01556490148387609,0.6408208300990443
20,0.9801204671030459,0.0685855652327123,0.13405297372652136,0.3875301674656246,0.9924501103739585,0.38043626373814,0.016419178295520045,0.6216941052867521
21,0.9809367190236631,0.0688766791768696,0.12072190755735272,0.39303725698719855,0.9924501103739585,0.38301166122959507,0.016299544713429866,0.6232871970822734
22,0.9809370688770128,0.06800068623345831,0.11806154834187549,0.3935758134593134,0.9924501103739585,0.37275315292419925,0.01624536868785658,0.6171537541574047
23,0.9800188670987668,0.06790342700222264,0.1379529665345731,0.385560876649359,0.9924501103739585,0.37318300047228414,0.01595834985135063,0.6175264793057595
24,0.9801519228064496,0.06534128053032834,0.14357305334314055,0.38177555540333624,0.9924501103739585,0.35979302563974935,0.016440968119329023,0.6092994693786867
25,0.9808341938516368,0.06440769395102626,0.14132145306338434,0.3821160482323688,0.9924501103739585,0.354591864732004,0.016584417542382594,0.6061213516419933
26,0.9796882349511852,0.06667232513427734,0.14736365008613336,0.38105794139530347,0.9924501103739585,0.3598235412951439,0.01605761234438227,0.6094710826873779
27,0.9812304351640784,0.06643786815845448,0.124459323513767,0.39007897610249725,0.9924501103739585,0.3580119167604754,0.016045892040335363,0.6083888046203121
28,0.9795252499373063,0.06713458037246829,0.15586303304071011,0.3779355274594348,0.9924501103739585,0.35448440717112634,0.016022463960032308,0.6062816612182125
29,0.9809381599011628,0.06485294048552928,0.14954022966001346,0.37909567874410877,0.9924501103739585,0.3503436157780309,0.01582408735468503,0.6038765426604978
30,0.9802299867505613,0.06839042691432912,0.12254507110818573,0.39201623330945556,0.9924501103739585,0.34630213918224456,0.015952859224090652,0.6014001504067452
31,0.9804227974103845,0.06629411795217058,0.13282165384810904,0.3866478126981984,0.9924501103739585,0.3319679690945533,0.016360736842597683,0.5926364987127243
32,0.9803430697192317,0.06399868137162665,0.15201141620459763,0.3775946523832238,0.9924501103739585,0.33077964186668396,0.01619422459794629,0.5919901113356313
33,0.9806235121644061,0.06424660656763159,0.14295647941205814,0.3813653691955235,0.9924501103739585,0.3326169973419559,0.016231244249689962,0.5930777269025003
34,0.9812490914178931,0.06048089443989422,0.1771872513320135,0.36541362949039624,0.9924501103739585,0.3315240586957624,0.01620000168200462,0.5924344543487795
35,0.9798924456471982,0.06604339085195375,0.1562897104607976,0.3771101650984391,0.9924501103739585,0.32985790121939873,0.016253129338785526,0.5914134960020742
36,0.9808520674705505,0.06622942148343376,0.1341725357848665,0.3860686602799789,0.9924501103739585,0.32683100815742244,0.01609386936310799,0.5896610809910682
37,0.9811427722806516,0.06311299927208734,0.15200488852417987,0.37706583997477655,0.9924501103739585,0.3273023049677572,0.01579509771639301,0.5900633508159269
38,0.9800186027651248,0.06338710240695787,0.17317448507832445,0.3687624788802603,0.9924501103739585,0.32013492622683126,0.01628628264992468,0.5855664649317341
39,0.9820126139599344,0.06021598467360372,0.1577704901928487,0.37302140826764313,0.9924501103739585,0.3162991981352529,0.016325549072315617,0.5832493362888214
40,0.9803350826968318,0.06408384312754092,0.16190370334231335,0.37368881831998413,0.9924501103739585,0.30837063058730096,0.01629986863342985,0.5785024281471006
41,0.98130260343137,0.06411428539001424,0.14944901932840762,0.3786889638589776,0.9924501103739585,0.3059388966329636,0.016116052715768738,0.57711693163841
42,0.9816115213477093,0.06309900189871373,0.15065490826964378,0.3775974343652311,0.9924501103739585,0.3062445213717799,0.016083059321728446,0.5773134769931916
43,0.9810256595196931,0.06490543403703233,0.15129144327796024,0.3784267008304596,0.9924501103739585,0.3075544170794948,0.01579019015715007,0.5782165892662541
44,0.9813717966494353,0.06305225695604863,0.14918996021151543,0.3781553817831952,0.9924501103739585,0.30803701377684073,0.0158119349169635,0.578497459811549
45,0.9811371772185616,0.06155267649370691,0.17268432514823,0.3678578863973203,0.9924501103739585,0.3078524018487623,0.015721248582966866,0.5784229501601188
46,0.9813559469969376,0.061122486610775406,0.18290683756703915,0.3635107641634734,0.9924501103739585,0.30537541162583137,0.015794699621056358,0.576907379011954
47,0.9806497693061829,0.06111945519628732,0.18212793443513953,0.36382052302360535,0.9924501103739585,0.28674357456545674,0.01638693993370379,0.565491376384612
48,0.9812254154163859,0.06167111902133278,0.1683737949832626,0.3696531549743984,0.9924501103739585,0.29814870992014486,0.015685766544793884,0.5726149466729933
49,0.9807837890542072,0.06384608578746734,0.15791954488857932,0.37513983379239624,0.9924501103739585,0.29306188994838345,0.015975449955271136,0.5694469617259118
50,0.9803927488948988,0.0650245846937532,0.16252414493457132,0.37400510000145953,0.9924501103739585,0.29020122366566814,0.016097537512260097,0.5676817490208533
51,0.9813826317372529,0.06335725505714832,0.14764355285012204,0.378956939863122,0.9924501103739585,0.2945278142729113,0.015892231927043008,0.5703598183970298
52,0.9801408726236095,0.06665804285718047,0.15742450385637904,0.3770250289336495,0.9924501103739585,0.293947494799091,0.015730103567963647,0.5700764713748809
53,0.9806606043940005,0.06416518176379411,0.16946278998385306,0.3707140010336171,0.9924501103739585,0.29022456561365434,0.015669462661589344,0.5678669598794752
54,0.9813280235166135,0.060901663549568344,0.18268138720937396,0.3634684383869171,0.9924501103739585,0.2883291725189455,0.01548861631102139,0.5668020748323009
55,0.9807326353114584,0.06527618237811586,0.1568352861896805,0.37643160638601886,0.9924501103739585,0.2887162883435526,0.01548288612356109,0.5670366287231445
56,0.9812016513036645,0.06218683541468952,0.16869616135954857,0.36983362617699994,0.9924501103739585,0.27465511810395027,0.016043548111713702,0.5583756277638097
57,0.9804247591806494,0.06433528062442075,0.1630248045143874,0.37339126415874646,0.9924501103739585,0.2717425294460789,0.015962547742791714,0.5566605079558588
58,0.981111624966497,0.061271750894577606,0.16882876695498175,0.3692315479983454,0.9924501103739585,0.2729329139955582,0.01574685100105501,0.5574610329443409
59,0.9829599520434504,0.06111765037412229,0.1474634805775207,0.37768521386644116,0.9924501103739585,0.28989953379477224,0.01515793785332672,0.5678765523818231
60,0.9796290008918099,0.0690695259558118,0.15164236141287762,0.3807847849700762,0.9924501103739585,0.2730292514447243,0.015317166194079383,0.5576907107906957
61,0.9801298613133638,0.06549013260266055,0.15414353881193243,0.37763666458751843,0.9924501103739585,0.272007611490065,0.015247454806681602,0.5571056162157366
62,0.9815733018128768,0.06283625587821007,0.14031197989116545,0.38157696568447613,0.9924501103739585,0.2673611141020252,0.015510777702494975,0.5542123702264601
63,0.9807556167892788,0.060686302897722824,0.18261543564174487,0.36336563721947046,0.9924501103739585,0.266965449817719,0.015532129714565893,0.553966426080273
64,0.9800421025442041,0.06436521511362947,0.16163949279681497,0.3739633365817692,0.9924501103739585,0.2621461287621529,0.015563309823553409,0.5510623685775264
65,0.980678555758103,0.06328820647752803,0.1478361675272817,0.3788384769273841,0.9924501103739585,0.26410676587012505,0.015717895280930302,0.5521769389029472
66,0.9801920211833456,0.06482571233873782,0.14867222001371178,0.3794265506060227,0.9924501103739585,0.25241944866795696,0.016264937036941127,0.5449457149351796
67,0.9814355217892191,0.0606324368196985,0.1582349921050279,0.37308546900749207,0.9924501103739585,0.25641071796417236,0.01611028533549078,0.5474023242150584
68,0.9809873000435207,0.06342361818837083,0.16067635527123575,0.37378364153530286,0.9924501103739585,0.26213920404834135,0.01569782780303109,0.5510044097900391
69,0.9817454503930133,0.059059786731782166,0.17206606884365497,0.36660946711249975,0.9924501103739585,0.26766250402696673,0.01547559482916709,0.554407290873989
70,0.9810428230658822,0.06241305366806362,0.16029738278492636,0.3733288853064827,0.9924501103739585,0.26298130616064996,0.015455758289223718,0.5516065051478725
71,0.9801008545834086,0.0641205686589946,0.167127957486588,0.3716211578120356,0.9924501103739585,0.2539165308398585,0.015602783750622504,0.5461087957505257
72,0.9808375135712002,0.0631644947697287,0.15152551752069723,0.3772884944210882,0.9924501103739585,0.25435997016968265,0.015554228286829687,0.5463943193035741
73,0.9808106577914694,0.06391569550918497,0.153842368527599,0.37681247099586157,0.9924501103739585,0.2534484565258026,0.015618537312313434,0.5458216667175293
74,0.9812922037166097,0.06318045504715132,0.14311955269912016,0.38066046911737195,0.9924501103739585,0.2557987138148277,0.015496067642684906,0.5472807941898223
75,0.9809768174005591,0.05904212075731029,0.19174399550842203,0.35872767671294836,0.9924501103739585,0.24877946415255148,0.015766236119933667,0.5429611955919573
76,0.9805949045264203,0.05994846930970316,0.18110222272250964,0.36352820500083594,0.9924501103739585,0.24462875675770543,0.015816451260639776,0.5404506940995494
77,0.9817775151003962,0.06275954729189044,0.14392545268587445,0.3800855564034503,0.9924501103739585,0.2441730114721483,0.01578831420310082,0.5401884990353738
78,0.9795761030653248,0.06369185075163841,0.17346419944711353,0.36882943692414655,0.9924501103739585,0.24438172050060764,0.01584738775366737,0.5402900999592196
79,0.98237653400587,0.061433630792990974,0.1472424913359725,0.3779631814231043,0.9924501103739585,0.2507038645205959,0.015649351982339736,0.5441625887347806
80,0.980359761611275,0.06503550011826598,0.14218356265969898,0.382147878408432,0.9924501103739585,0.24387144754009862,0.01566118879183646,0.5400584186277082
81,0.9806742305340974,0.0613584965467453,0.17116623598596323,0.3683486179165218,0.9924501103739585,0.24712535402467173,0.015536826584608324,0.5420605021138345
82,0.9805472907812699,0.06085771565204081,0.17350339808541795,0.3671132831469826,0.9924501103739585,0.24134941639438753,0.01565762155599171,0.5385466352585824
83,0.9802732260330863,0.06241244077682495,0.1699861527785011,0.36945300516874896,0.9924501103739585,0.23993834084080112,0.015571149666943857,0.5377345488917443
84,0.981508485648943,0.060515480196994285,0.16116483606722043,0.37184336004049884,0.9924501103739585,0.2405807601828729,0.015394567902530394,0.5381906224835303
85,0.9808147601459337,0.06269281017391579,0.1538835650552874,0.3760622623174087,0.9924501103739585,0.23930475788731728,0.015574671358110444,0.5373529868741189
86,0.9806992696679157,0.06052153654720472,0.17696212021552998,0.3655280846616496,0.9924501103739585,0.23514723777770996,0.015752529785517725,0.5347873568534851
87,0.9810535674509795,0.060792907586564186,0.17006907952220543,0.36844811880070233,0.9924501103739585,0.2325954533392383,0.015939131619468812,0.5331816384869237
88,0.9815705885057864,0.05980224988382796,0.17912506862826968,0.3642313363759414,0.9924501103739585,0.2372959477286185,0.01587831940982611,0.5360262470860635
89,0.9805478609126547,0.06276607821169107,0.1676050635135692,0.3706176203230153,0.9924501103739585,0.2327586854657819,0.015635564322433165,0.5334009893478886
90,0.981444265531457,0.06176927912494411,0.16275756190652432,0.37195853694625525,0.9924501103739585,0.23395003859073885,0.015810429899682923,0.5340458577679049
91,0.9810741906580718,0.06327079333688902,0.15759380599078926,0.37492495904798095,0.9924501103739585,0.23348732148447343,0.01582065606189351,0.533764164293966
92,0.9805086384648862,0.06398775720078012,0.1628368143802104,0.37325792208961817,0.9924501103739585,0.22620104061019036,0.015700158723179373,0.5294405664167097
93,0.9810419497282609,0.06121982148160105,0.17155911368520363,0.36810825700345245,0.9924501103739585,0.2291441156018165,0.015402219108035487,0.5313256056078018
94,0.9805739858876104,0.0626945821163447,0.16657329755632774,0.37098743345426477,0.9924501103739585,0.22401230902441086,0.015321138465116102,0.5282789468765259
95,0.982361508452374,0.05752723979885164,0.16872453981119653,0.3670265311780183,0.9924501103739585,0.22807819228018483,0.015472946628447502,0.5306577547903983
96,0.9804637743079144,0.060501488654509834,0.1870303549196409,0.36148875044739764,0.9924501103739585,0.22218229309205087,0.015581482270311925,0.5270768192506605
97,0.981358686219091,0.05830782190289186,0.18616040131968,0.3605205429636914,0.9924501103739585,0.22273977773804818,0.01579223416986004,0.5273269741765915
98,0.9814893033193506,0.05917290743926297,0.1871873561454856,0.3606288031391475,0.9924501103739585,0.2220093530993308,0.015498112947229416,0.5270063800196494
99,0.9810785132905712,0.05963764129125554,0.1991163113194963,0.35613607194112695,0.9924501103739585,0.2205116532502636,0.015677742149320342,0.5260359125752603
100,0.9812296032905579,0.060241495785505875,0.18682060001984888,0.3614166754743327,0.9924501103739585,0.2195718394171807,0.01568545163759301,0.5254689301213911
101,0.9810101908186207,0.06061187840026358,0.18003335465555606,0.36435377986534784,0.9924501103739585,0.219455081128305,0.01568943304159949,0.5253972949520234
102,0.9804343710774961,0.06461844771452573,0.16289235521917758,0.3736141311085742,0.9924501103739585,0.21935394983137807,0.01568218431765995,0.5253395322830446
103,0.9816254584685616,0.05946854072744432,0.17802686746353688,0.3644703937613446,0.9924501103739585,0.2192916206775173,0.015676485644953865,0.5253043943835843
104,0.9809337439744369,0.06085151709292246,0.17487505985342938,0.36656087377797003,0.9924501103739585,0.21908428736271396,0.015693900866373893,0.5251730180555775
105,0.9801434537638789,0.06607563137684179,0.14349289254649825,0.3822482318981834,0.9924501103739585,0.21855456213797292,0.015703865116642367,0.5248512048875132
106,0.981607242770817,0.05963576560759026,0.1854533940229727,0.3616001204304073,0.9924501103739585,0.2187442361347137,0.015699859558334275,0.524966589866146
107,0.9804838170175967,0.06469800598595453,0.16742356898991959,0.37184938788414,0.9924501103739585,0.2185310548351657,0.015697371364841537,0.5248397146501849
108,0.9816454208415487,0.0573147946725721,0.19912770746842676,0.3547378299028977,0.9924501103739585,0.2182309305475604,0.015707756062188456,0.5246554632340709
109,0.9813931998999222,0.060000396131173424,0.1890475461664407,0.36038121840228204,0.9924501103739585,0.2184238222337538,0.015714381701282917,0.524768554395245
110,0.9808464283528535,0.06018889452452245,0.1869403609763021,0.36133719915929047,0.9924501103739585,0.21816933635742433,0.015748847245929704,0.5246020863133092
111,0.9811024950898212,0.06112312055800272,0.17770247485326685,0.36559288786805194,0.9924501103739585,0.21746104667263647,0.015762137219069466,0.5241717811553709
112,0.9812128362448319,0.05997826450544855,0.17465081600391347,0.3661266409832498,0.9924501103739585,0.2176017391104852,0.015756340697407722,0.5242585270635544
113,0.9817303393198096,0.05756940676466278,0.19011379065720932,0.3584961243297743,0.9924501103739585,0.21789622162618943,0.015755329401262345,0.524435616308643
114,0.9818864594335142,0.05686825011735377,0.2089489112081735,0.3505413804365241,0.9924501103739585,0.21783109922562877,0.015744360464234507,0.5244009417872275
115,0.9806039462918821,0.062397176966719,0.17042807068513788,0.3692670788453973,0.9924501103739585,0.218025999203805,0.015745223139322573,0.5245175150132948
116,0.9805684789367344,0.06258232162698456,0.17485080626995667,0.3676090758779775,0.9924501103739585,0.21755776530311954,0.015747872421578053,0.524235527361593
117,0.9804868387139362,0.06304220110177994,0.1645016858111257,0.37202464108881744,0.9924501103739585,0.21729445024844138,0.015781322674405192,0.5240641390123675
118,0.9813536250072977,0.05826299775229848,0.18931142175975052,0.3592332381269206,0.9924501103739585,0.2173092956504514,0.015761639412132003,0.5240809359858113
119,0.980475127696991,0.06017692079362662,0.19311552527158157,0.3588599381239518,0.9924501103739585,0.21705522652595274,0.01575833973625014,0.5239298074476181
120,0.9803724807241688,0.06251100402163423,0.17796867923892062,0.3663191264090331,0.9924501103739585,0.21655859726090584,0.01575768612805874,0.523632082246965
121,0.9809328732283219,0.05861862862239713,0.18765525617029355,0.3601090739602628,0.9924501103739585,0.21691593527793884,0.01572611432282194,0.5238591144161839
122,0.9812410551568737,0.058689167723059654,0.18406053972632988,0.3615892931171086,0.9924501103739585,0.2175639949498638,0.015695757442905058,0.5242600921661623
123,0.9806969917338827,0.06113740688432818,0.17636504380599313,0.36613643169403076,0.9924501103739585,0.21742417831574717,0.01567143577361299,0.5241859401426008
124,0.9804674853449282,0.06237982796586078,0.1642217202031094,0.3717392216558042,0.9924501103739585,0.21750026556753344,0.015633147209882736,0.5242469253078583
125,0.9803957161696061,0.0622552889196769,0.16565620316111523,0.37109069979709125,0.9924501103739585,0.21667416297620343,0.01569867221217963,0.523725038574588
126,0.9810307647870935,0.06076052493375281,0.1777239101736442,0.3653667504372804,0.9924501103739585,0.21521488456956803,0.01576561739127482,0.5228226934709856
127,0.9808590489885082,0.0627965905258189,0.15806909164656763,0.37445031300834986,0.9924501103739585,0.2141339692377275,0.015795652814690146,0.5221621432612019
128,0.9807858415271925,0.061474358096070915,0.16707468810288803,0.37005475681761035,0.9924501103739585,0.21440184068295262,0.015831001163009676,0.5223087053145131
129,0.9807646067246146,0.06334842838670897,0.1608192567592082,0.37368136514788086,0.9924501103739585,0.21391017542731378,0.01583783178319854,0.5220109647320162
130,0.9813166234804236,0.06022476550677548,0.18239844460850177,0.3631754919238713,0.9924501103739585,0.2136720255497963,0.015847746883669207,0.5218641315737078
131,0.980779458647189,0.059874175359373505,0.18690487353698068,0.3611625549585923,0.9924501103739585,0.21405632986176398,0.01585892143268739,0.5220902273731847
132,0.9807200172673101,0.06030893180033435,0.18223277414622513,0.3632922548314799,0.9924501103739585,0.21311133378936398,0.015889269359890493,0.5215111105672775
133,0.9803962837094846,0.06208528311032316,0.1683655695422836,0.3699049379514611,0.9924501103739585,0.21328421033197834,0.01587395174729247,0.5216209580821376
134,0.9809669022974761,0.06251953768989314,0.1581844495528418,0.3742379429547683,0.9924501103739585,0.21247459611585062,0.01589623691454049,0.5211262626032676
135,0.9811503731686136,0.05937190791187079,0.18848201924044153,0.3602303447930709,0.9924501103739585,0.21235466964783206,0.015911730907617078,0.5210481420640023
136,0.9813249214835789,0.059123656671980156,0.1851572067193363,0.3614113149435624,0.9924501103739585,0.21268440831092097,0.015871553291236202,0.521262030447683
137,0.9811444697172745,0.058930600142997246,0.19700199624766473,0.3565575713696687,0.9924501103739585,0.21299958613611036,0.015848287321146456,0.5214604504646794
138,0.9822160886681598,0.055220836935483894,0.2089064386875733,0.3495699335699496,0.9924501103739585,0.2126709419873453,0.015858754185178587,0.521259069442749
139,0.9811082585998203,0.0596637408370557,0.18659576935612637,0.3611599414244942,0.9924501103739585,0.21238731232381636,0.015886541275728132,0.5210777905679518
140,0.9812207429305367,0.059285626139329826,0.1842302553679632,0.361879280079966,0.9924501103739585,0.21262874045679647,0.015882580060391657,0.5212242199528602
141,0.9810111108033553,0.05863628811810328,0.19854639276214267,0.3557632163814876,0.9924501103739585,0.21252400355954323,0.015901811811472138,0.5211536845853252
142,0.9808286506196727,0.06309144498537415,0.16766677035585695,0.3707881492117177,0.9924501103739585,0.21190162531791196,0.01592275755660188,0.5207718726127378
143,0.9807181772978409,0.06247431428536125,0.16658313799163568,0.37085134438846423,0.9924501103739585,0.21224936746781872,0.015903318421013894,0.5209883105370307
144,0.9811586245246555,0.06079096800607184,0.1795082834103833,0.364671282146288,0.9924501103739585,0.21109371752508224,0.015879152973573053,0.5203045587385854
145,0.9811255128487296,0.059680838947710785,0.18334554362556207,0.36247029123098956,0.9924501103739585,0.2105975357755538,0.015857375226914883,0.5200155896525229
146,0.9815310654432877,0.05987138268740281,0.1723338673296182,0.3669893054858498,0.9924501103739585,0.21117039553580746,0.015891545932860143,0.5203456378752186
147,0.9812418429747872,0.058514426016937134,0.18199712459159934,0.3623098031334255,0.9924501103739585,0.21161208421953262,0.01593136303727665,0.5205947295311959
148,0.9804609702981036,0.061546590017235794,0.1714063532974409,0.36836542253908905,0.9924501103739585,0.211265409665723,0.015920173677225268,0.5203911835147489
149,0.9811390534691189,0.059116552624365555,0.18706396319296048,0.36064433921938355,0.9924501103739585,0.21155227480396147,0.015891069275957924,0.5205749369436695
150,0.9804176843684652,0.06115489598849545,0.1838110312819481,0.3631685298422109,0.9924501103739585,0.21170662824184663,0.015847804385327523,0.5206848729041315
151,0.9805514423743539,0.06409701478222142,0.15784313869865044,0.37532095675883087,0.9924501103739585,0.21143554295262984,0.01582429140445686,0.5205316197487616
152,0.9803433781084807,0.06375639253984326,0.1658589366985404,0.3719102714372718,0.9924501103739585,0.21185660362243652,0.015784033123523958,0.52080036171021
153,0.9811014014741649,0.05871487311694933,0.19215769288332565,0.35836584930834564,0.9924501103739585,0.2124303343795961,0.015782472887827505,0.5211452226484975
154,0.9804907700289851,0.06139378767946492,0.17524887459433597,0.36673673209936725,0.9924501103739585,0.21182163251984504,0.01584585614862942,0.5207546641749721
155,0.9810664057731628,0.05852517469421677,0.18976024959398352,0.35921102373496344,0.9924501103739585,0.21136800416054263,0.015877497051992723,0.5204698231912428
156,0.9811023136843806,0.059600529625363975,0.17967380356529486,0.36389080726582074,0.9924501103739585,0.21045227685282308,0.01593272204721166,0.5198982800206831
157,0.9801654245542444,0.06556790726988213,0.1556981837619906,0.37706148624420166,0.9924501103739585,0.2098675701887377,0.015942670915636323,0.519543465106718
158,0.9804567383683246,0.06285859320474707,0.16523352913234546,0.37162175126697705,0.9924501103739585,0.20995559086722712,0.015930281861895514,0.5196012412348101
159,0.981297404869743,0.06063369337631309,0.18291659134885538,0.36321358188338904,0.9924501103739585,0.20990971980556364,0.015909360631579352,0.5195821081438372
160,0.9804304838180542,0.06345733368526334,0.1650081319005593,0.3720711586268052,0.9924501103739585,0.20979718046803628,0.015911330438909993,0.5195137877618113
161,0.9807050694590029,0.06189335882663727,0.17520514162986175,0.36705396615940594,0.9924501103739585,0.20984591351401422,0.015872204526057167,0.5195586527547529
162,0.9814780769140824,0.05956172602980033,0.19109511893728506,0.35929897816284845,0.9924501103739585,0.20932067786493608,0.015907164062223127,0.5192295582063736
163,0.9812847764595695,0.0579132233624873,0.19445967317923255,0.3569640711597774,0.9924501103739585,0.20863296668375692,0.0159211979217587,0.5188113008776019
164,0.9813910489496978,0.05915631920747135,0.17862804687541464,0.3640425749447035,0.9924501103739585,0.20913860057630845,0.015952246383793892,0.5191022619124381
165,0.9800883687060812,0.06430127828017525,0.16637734356133835,0.3720298305801723,0.9924501103739585,0.2077383105793307,0.016026806927496386,0.5182322802082184
166,0.9811256942541703,0.05944601802722267,0.18172594127447708,0.3629772416923357,0.9924501103739585,0.20742398500442505,0.016018227944450993,0.5180470943450928
167,0.981101753919021,0.05904107476058214,0.18849203865165295,0.3600278185761493,0.9924501103739585,0.20723957304031618,0.01604895188563293,0.5179241722629916
168,0.9815540391465892,0.05963870834397233,0.16693362026758815,0.3690097824386928,0.9924501103739585,0.2073107260850168,0.016049627875608784,0.517966587697306
169,0.9806232530137767,0.06090091784363207,0.1811404898762703,0.36408437464548193,0.9924501103739585,0.20841104320941434,0.016009304161754348,0.5186429139106504
170,0.980173287184342,0.06342377222102621,0.1749003260679867,0.368094142364419,0.9924501103739585,0.20834737823855493,0.015959828851684447,0.5186244768481101
171,0.9813459385996279,0.058144613452579666,0.189349794841331,0.3591468606306159,0.9924501103739585,0.2083732654010096,0.015949766782502973,0.5186440675489364
172,0.98099176261736,0.06023578912667606,0.1862029951551686,0.3616602809532829,0.9924501103739585,0.20780698522444693,0.01601933447584029,0.5182764684000323
173,0.9817852533381918,0.05712809300293093,0.19100995750530905,0.35787288131921186,0.9924501103739585,0.20714982623054135,0.01604168808027621,0.5178732199053611
174,0.9799029697542605,0.06496300191982933,0.1583812619033067,0.3756253162155981,0.9924501103739585,0.2067890994010433,0.016053147854343537,0.5176521943461511
175,0.9812417108079662,0.058454598907543266,0.1936824817372405,0.35759977931561676,0.9924501103739585,0.20577444088074467,0.016082115381235076,0.5170318330487897
176,0.9809192444967187,0.061119946124761,0.17406499709772028,0.36704598043275916,0.9924501103739585,0.2059340750978839,0.016071326069293485,0.5171319323201333
177,0.9809580859930619,0.06000534558425779,0.18626636525859003,0.3614966610203619,0.9924501103739585,0.20554009993230143,0.01607471563282513,0.51689419246489
178,0.9812210461367732,0.05853813902839371,0.19193320365055747,0.35834959926812543,0.9924501103739585,0.20562859648658383,0.016098975774741942,0.5169375788780951
179,0.9818803097890771,0.055411895170159965,0.21864259988069534,0.3457900998385056,0.9924501103739585,0.20515856050675915,0.016070601199903795,0.5166669314907443
180,0.9808983673220095,0.05896324308022209,0.1899946289865867,0.3593800910141157,0.9924501103739585,0.20456671282168357,0.016109452793194402,0.516296269432191
181,0.9809407799140267,0.058880212190358536,0.18979104446328204,0.3594117255314537,0.9924501103739585,0.20436786836193455,0.016098316188060468,0.516181384363482
182,0.9806526070055754,0.06273333938873332,0.1655329362205837,0.3714268350082895,0.9924501103739585,0.20452034088873094,0.01609928217986899,0.5162725160198827
183,0.9810913619787797,0.05996790852235711,0.18826097962648972,0.3606763482093811,0.9924501103739585,0.20395632857276547,0.01611426559787604,0.5159280800050304
184,0.9815101779025533,0.05662957222565361,0.20091966604409012,0.3536098845626997,0.9924501103739585,0.20392982805928878,0.01609616510329708,0.5159194392542685
185,0.9808567762374878,0.06198678198068038,0.17414379670568134,0.3675345622974893,0.9924501103739585,0.2041889294501274,0.016067807983246543,0.5160862149730805
186,0.9806029381959335,0.061498609169021896,0.17521351154731668,0.3668137788772583,0.9924501103739585,0.20399706354064326,0.016080640226362214,0.51596599817276
187,0.9813074080840402,0.059233593066101486,0.18879481145869131,0.3600222442461097,0.9924501103739585,0.20356020283314488,0.016068404660590233,0.5157087868259799
188,0.9817943806233613,0.059120906435925026,0.17508411925771963,0.3654389135215593,0.9924501103739585,0.20377537271668833,0.016069664619863033,0.5158373559674909
189,0.9812561221744703,0.058758206341577614,0.19241335113411365,0.35828958516535553,0.9924501103739585,0.20382138798313756,0.016100426715227864,0.5158526628248153
190,0.9809869994287905,0.06068343717766845,0.18568300779746927,0.3621368654396223,0.9924501103739585,0.20343095448709303,0.01606832492736078,0.5156312334922052
191,0.980543711911077,0.06457689485472182,0.15384708960419116,0.3772073025288789,0.9924501103739585,0.20274894131768134,0.016098399826836203,0.5152100324630737
192,0.9812755558801733,0.05956204834839572,0.17913314311400705,0.3640839690747468,0.9924501103739585,0.20178891285773246,0.016101587113113172,0.5146327364829278
193,0.9815091775811237,0.0593557589403961,0.180205511658088,0.3635312448377195,0.9924501103739585,0.2017922185121044,0.016097601683389758,0.5146362993025011
194,0.9808349402054496,0.06149901757421701,0.1736151977725651,0.3674533276454262,0.9924501103739585,0.20190675748932746,0.016092502992720373,0.5147070577067714
195,0.9810871196829755,0.06088635147265766,0.17413228620653567,0.3668789008389349,0.9924501103739585,0.20226792991161346,0.01608245546418813,0.5149277852427575
196,0.9815438985824585,0.05835219237791455,0.18706784818483435,0.36018418358719867,0.9924501103739585,0.20185735725587414,0.01611047586606395,0.5146702239590306
197,0.9809846826221632,0.060051706983991295,0.1791569380008656,0.3643682482449905,0.9924501103739585,0.20187452483561732,0.01611863482262819,0.5146772726889579
198,0.9821858976198279,0.05519233506334865,0.20210395267476206,0.3522738321967747,0.9924501103739585,0.20234515878462023,0.01608972741110671,0.5149712101105721
199,0.9801896240400232,0.06504323430683302,0.1529943538100823,0.37782820281775104,0.9924501103739585,0.20258099705942215,0.01607567967186051,0.5151183412921044