epoch,acc,binary_acc_ch0,binary_crossentropy,dice_coef,loss,val_acc,val_binary_acc_ch0,val_binary_crossentropy,val_dice_coef,val_loss
0,0.9502023962281999,0.9502023962281999,0.09480112010524386,0.08105466568044253,0.4244588116804759,0.9949858043644879,0.9949858043644879,0.021797968502584343,0.106570497054506,0.3704505812477421
1,0.9788363178571066,0.9788363178571066,0.04980536869594029,0.19267166831663676,0.35281453955741154,0.9949858043644879,0.9949858043644879,0.025609091314411647,0.013243476671443597,0.41006807781554555
2,0.9724318668955848,0.9724318668955848,0.05411255767657643,0.19777813163541613,0.3533563017845154,0.9944939178389471,0.9944939178389471,0.03028459122052064,0.02705768054993068,0.40734767188897003
3,0.9704416621299017,0.9704416621299017,0.06094136834144592,0.2133163795584724,0.35123825782821294,0.9668052615346135,0.9668052615346135,0.053474248059698054,0.10338908740998926,0.3907289021723979
4,0.9777704250244867,0.9777704250244867,0.05069607176951,0.2624295488709495,0.32544586346262977,0.9395568241944184,0.9395568241944184,0.10372212629865955,0.10712889496337723,0.419381703073914
5,0.9794300879750933,0.9794300879750933,0.04889282211661339,0.3279822908696674,0.29814280356679645,0.9700336810704824,0.9700336810704824,0.06477168554792533,0.13385085006420677,0.38532261510153076
6,0.9808476169904073,0.9808476169904073,0.04790275561667624,0.3626689797356015,0.283673936412448,0.9661390733074497,0.9661390733074497,0.0759069720232809,0.13793729819558762,0.39036922277630987
7,0.9811574958619618,0.9811574958619618,0.04844836021463076,0.39290545596962884,0.271906846335956,0.9914692511429658,0.9914692511429658,0.0385338980704546,0.027087111117293103,0.4122855188073339
8,0.9812020829745701,0.9812020829745701,0.04766214301898366,0.39145717166718985,0.27201485137144726,0.9656996630333565,0.9656996630333565,0.06986755334042213,0.1389768879759956,0.38633037499479345
9,0.9825200041135153,0.9825200041135153,0.046648217276448294,0.4057276901744661,0.2656977808191663,0.9777556722228592,0.9777556722228592,0.05212969554437173,0.1265089149662369,0.3806736517596889
10,0.9831346727552868,0.9831346727552868,0.04603789799979755,0.4269866262163435,0.25682780075640904,0.9909915698541177,0.9909915698541177,0.03837770067558095,0.05388975730858039,0.40146980736706706
11,0.9838814536730448,0.9838814536730448,0.04414682232198261,0.4423090772969382,0.2495644348008292,0.9676841626296172,0.9676841626296172,0.07590550576915613,0.10377790763772823,0.4040316866861807
12,0.9845076685860044,0.9845076685860044,0.0434144852416856,0.4595880579380762,0.2422133336464564,0.9878703629648363,0.9878703629648363,0.03144835768821272,0.15364944028693275,0.35740931130744313
13,0.9848405633653913,0.9848405633653913,0.04351073397057397,0.4645816513470241,0.24027361614363535,0.99435748119612,0.99435748119612,0.03546279500163085,0.047547530993265474,0.4022594070112383
14,0.9828270049322219,0.9828270049322219,0.04960483986706961,0.4339257223265512,0.2561924989734377,0.9492589138649605,0.9492589138649605,0.09866817033774145,0.10946578336124485,0.41541472238463323
15,0.9839839821770078,0.9839839821770078,0.04301186509075619,0.4450501771200271,0.24778724781104497,0.9898517470102053,0.9898517470102053,0.030910776172940795,0.0818140161462833,0.385820980007584
16,0.9852196176846822,0.9852196176846822,0.04559393963288693,0.4555037674449739,0.24515471713883535,0.9855422587008089,0.9855422587008089,0.041096558794379234,0.12433810480492744,0.37492290944666473
17,0.9855582430249169,0.9855582430249169,0.04011442778365953,0.4862713402225858,0.22955995017573946,0.9932923687470926,0.9932923687470926,0.0319278737580454,0.07933251441431206,0.3874249128071037
18,0.9857146881875538,0.9857146881875538,0.044428963568948564,0.48129190291677204,0.23414054938725062,0.9828066954741607,0.9828066954741607,0.04804767527290293,0.1172191314273388,0.38194086583884984
19,0.9859670514152163,0.9859670514152163,0.04011790152816545,0.49238501276288715,0.22711684164546786,0.9841403896744186,0.9841403896744186,0.040790459191476974,0.11920587138927265,0.3767930092038335
20,0.9858918019703456,0.9858918019703456,0.04115070580016999,0.49644198587962557,0.2261137706892831,0.9929639970934069,0.9929639970934069,0.028781396160657342,0.12978758084008823,0.3653534489708978
21,0.9866307775179545,0.9866307775179545,0.03989145691905703,0.5026208800928933,0.2228865744102569,0.9814216059607428,0.9814216059607428,0.052951899936070315,0.17359439641035893,0.36233388249938553
22,0.9859846234321594,0.9859846234321594,0.04165493821104368,0.49147561760175795,0.2284025918869745,0.9869697915541159,0.9869697915541159,0.042917100914024016,0.09738197890928367,0.38679709788915273
23,0.9863687469845727,0.9863687469845727,0.04158246472832702,0.4912732726051694,0.2284399505172457,0.9904834901964342,0.9904834901964342,0.033699662449794845,0.12634907184621771,0.36968080175889506
24,0.9863352520125253,0.9863352520125253,0.040415012588103615,0.5078196710064298,0.22112143820240385,0.9869199524054656,0.9869199524054656,0.041003774197117704,0.18111215305288095,0.35215709660504313
25,0.9863053049360003,0.9863053049360003,0.04072573976147743,0.503583529165813,0.22300189165841966,0.9865909170460057,0.9865909170460057,0.0400208622921963,0.19400058752177535,0.3464126441929791
26,0.9856429696083069,0.9856429696083069,0.042290715678107174,0.5014765078113192,0.22478376825650534,0.9873096540167525,0.9873096540167525,0.03637689508094981,0.2034938466558988,0.3404292287053289
27,0.9869711768059504,0.9869711768059504,0.04000038148037025,0.5092664843513852,0.22029379364990054,0.9852079426920092,0.9852079426920092,0.04524328197176392,0.20465092955006137,0.34528553083136276
28,0.98711059207008,0.98711059207008,0.039203581089774765,0.5116283609753564,0.21887108257838658,0.9860361733952084,0.9860361733952084,0.043242117541061866,0.19069015360563188,0.3496688572136131
29,0.9869581205504281,0.9869581205504281,0.03940709006218683,0.5087819596131643,0.22013119075979506,0.9904364830738789,0.9904364830738789,0.03512470965349191,0.18873335672794161,0.3455820599117795
30,0.9870213695934841,0.9870213695934841,0.03954498806879634,0.5189755786032904,0.21613729496796927,0.9940959811210632,0.9940959811210632,0.03020644293644944,0.06296299758518266,0.39293831425744136
31,0.9876862792741685,0.9876862792741685,0.03921024864982991,0.5281027441933042,0.2122850233600253,0.989199240465422,0.989199240465422,0.03867458285310784,0.16963518798552654,0.3553504065887348
32,0.9868316196259999,0.9868316196259999,0.03900763401318164,0.5172519655454726,0.21650375993478865,0.9875251183638701,0.9875251183638701,0.03827047916884358,0.20385380955161275,0.3414210548272004
33,0.9872777007874989,0.9872777007874989,0.03980381032895474,0.5317274842943464,0.21119116104784466,0.9833635848921698,0.9833635848921698,0.046281847398023344,0.16848546983925877,0.36037531092360214
34,0.987187419618879,0.987187419618879,0.03969611679869039,0.5256816702229636,0.21354503007162184,0.9869866661123328,0.9869866661123328,0.040484473008561776,0.20702153605383797,0.341481029181867
35,0.9876081489381336,0.9876081489381336,0.039374472573399544,0.5261620708874294,0.21315997697058178,0.9763620205827661,0.9763620205827661,0.07157128666703766,0.14345036039279924,0.38556365870140696
36,0.9877606743857974,0.9877606743857974,0.038918674524341314,0.5339882700216203,0.20975585068975175,0.9855947268975748,0.9855947268975748,0.044866812944009495,0.18847199589819522,0.351530881346883
37,0.9882382977576483,0.9882382977576483,0.038013450446582976,0.5593675673007965,0.19906104391529447,0.9855644976770556,0.9855644976770556,0.0493749448576489,0.19918361663616993,0.3499504585523863
38,0.9879220951171148,0.9879220951171148,0.03827091572540147,0.5420526649270739,0.20614145199457803,0.9900119804047249,0.9900119804047249,0.039633230532746054,0.14750464185065515,0.36477762863442703
39,0.9882244098754156,0.9882244098754156,0.039550877043179104,0.5486136078834534,0.20428478504930223,0.9881336415136183,0.9881336415136183,0.03903314556825806,0.2038465957534877,0.3418803110315993
40,0.9879257764135089,0.9879257764135089,0.039206650108098984,0.5453064611979893,0.20540119352794828,0.9893628181637945,0.9893628181637945,0.03700115707879131,0.20990085470918063,0.33824120985495076
41,0.9882095285824367,0.9882095285824367,0.03885376391311487,0.5578970866543906,0.2001535083566393,0.9886321054922568,0.9886321054922568,0.039072658891814785,0.20833627549881065,0.3401091807597392
42,0.9884810334160214,0.9884810334160214,0.037796745875052044,0.5603627775396619,0.19853299217564718,0.9867444811640559,0.9867444811640559,0.045090931492882805,0.20378596421230483,0.3455406105196154
43,0.9882488619713556,0.9882488619713556,0.03892127229344277,0.5559864540894827,0.20095833568345933,0.9832037510098638,0.9832037510098638,0.05331797938089113,0.2208859974367393,0.3436366512968734
44,0.9881635563714164,0.9881635563714164,0.03764877149036953,0.5557930214064462,0.2002717206875483,0.9847392069326865,0.9847392069326865,0.052923159724151764,0.21381946325906226,0.3462247912948196
45,0.987434534799485,0.987434534799485,0.04196200209359328,0.5562484406289601,0.2026780815351577,0.9844859532407813,0.9844859532407813,0.04945272901976431,0.22229321884947853,0.3407553474645357
46,0.988368034362793,0.988368034362793,0.038423040083476474,0.5609365446226937,0.19867917114780062,0.9869867450482136,0.9869867450482136,0.044951487332582474,0.1362451079326707,0.37247187624106537
47,0.9889290361177354,0.9889290361177354,0.037417142785021236,0.5745345566953931,0.19263669351736704,0.9868174678570515,0.9868174678570515,0.04789648124495068,0.23478276614804525,0.33482467886563894
48,0.9890142991429284,0.9890142991429284,0.037131206975096746,0.583406313544228,0.1889160339321409,0.9827707699827246,0.9827707699827246,0.06012298267435383,0.14955571701599135,0.37625045067555196
49,0.9890412745021638,0.9890412745021638,0.03784552358445667,0.5831595829554966,0.18944284390835536,0.9857890090426883,0.9857890090426883,0.049858419879062754,0.24285674341828437,0.33277187073552933
50,0.9891520312854222,0.9891520312854222,0.03725790879910901,0.581998606522878,0.18955476582050323,0.988247848845817,0.988247848845817,0.04205264020207766,0.20421876295192823,0.3435448641712601
51,0.9887152285802931,0.9887152285802931,0.037736424732775914,0.5688747862974802,0.19509180244945346,0.9863880051148904,0.9863880051148904,0.0466111874258196,0.2118883639120975,0.34321143176104574
52,0.9894464980988276,0.9894464980988276,0.036218572762750444,0.5956464282103947,0.1834728100470134,0.9876461689536636,0.9876461689536636,0.04297892029422361,0.1895454846624587,0.34997122754921783
53,0.989506068683806,0.989506068683806,0.036795303757701604,0.5912685862609318,0.1855696617137818,0.9866399716686558,0.9866399716686558,0.044689734139152476,0.23915601350568436,0.33115079274048675
54,0.9898146504447574,0.9898146504447574,0.035246928089431355,0.6066852779615493,0.1784736535378865,0.9860801455136892,0.9860801455136892,0.04909997211920249,0.25387668408252095,0.32791021305161555
55,0.9899741070611137,0.9899741070611137,0.03585022155727659,0.6122644174666632,0.17660433692591532,0.9876241007366696,0.9876241007366696,0.0454861112442371,0.18616657371859294,0.3528252815878069
56,0.9894148849305653,0.9894148849305653,0.03598526093576636,0.5860305712336585,0.18717894880544572,0.9872436700640498,0.9872436700640498,0.04487243596766446,0.2436766155265473,0.32945289563488317
57,0.9901693094344366,0.9901693094344366,0.0348251514314186,0.6132201311134157,0.17560733145191557,0.9832689971537203,0.9832689971537203,0.06009544140181026,0.12409245560096728,0.3864197159135664
58,0.9897702506610325,0.9897702506610325,0.03584234478573004,0.5968171712898073,0.18277815481026968,0.9837889639106957,0.9837889639106957,0.05430982533741642,0.2371356623196924,0.3377316682725339
59,0.9899597111202422,0.9899597111202422,0.03587089239486626,0.6083654051735288,0.17817647400356473,0.9839967666445552,0.9839967666445552,0.05659550589484137,0.2459435140764391,0.3355795547768876
60,0.9900531484967187,0.9900531484967187,0.03496884084528401,0.608582752091544,0.1775483481940769,0.9852307599944037,0.9852307599944037,0.051967293930214806,0.21826679279675354,0.3438742378273526
61,0.9894398053487142,0.9894398053487142,0.037832075552571384,0.596079341002873,0.18426722642921267,0.9869294762611389,0.9869294762611389,0.043852766270975806,0.2198955500750123,0.3383539101561984
62,0.9893783728281657,0.9893783728281657,0.03630827589049226,0.5939809140704927,0.18419254464762552,0.9849828642767828,0.9849828642767828,0.05249791385958324,0.18614516749575333,0.3570403835257968
63,0.9901509398505801,0.9901509398505801,0.03536986967637425,0.6101926366488138,0.1771451873438699,0.9858933654991356,0.9858933654991356,0.04984712520161191,0.23546031731608752,0.3357244665558274
64,0.9900821901503063,0.9900821901503063,0.03437195203843571,0.6104778732572284,0.1764319006885801,0.9871227854007,0.9871227854007,0.04885289999278816,0.23967122709428942,0.3334432719527064
65,0.9903772813933236,0.9903772813933236,0.034827515039415585,0.6180903670333681,0.17366053660710654,0.9862886957220129,0.9862886957220129,0.050223101383528194,0.14680503628443223,0.3714117053392771
66,0.9900471653257098,0.9900471653257098,0.03553551488689014,0.6007670376982007,0.18101433416207632,0.9868492403545895,0.9868492403545895,0.0463472752252946,0.19202844884145903,0.3509968704468495
67,0.9898160866328648,0.9898160866328648,0.03688691849155085,0.5964530933470953,0.18355079633849009,0.9781207845017716,0.9781207845017716,0.08000033409208865,0.15588002510972926,0.38564719058371877
68,0.9902070136297316,0.9902070136297316,0.035048904429589,0.6134062593891507,0.17566706453050887,0.9843763773505753,0.9843763773505753,0.056218623510889104,0.20240354960834658,0.35277029871940613
69,0.9906005689076015,0.9906005689076015,0.034575321046369414,0.6206614559605008,0.17248094933373587,0.9857954495661968,0.9857954495661968,0.05181002868591128,0.17962194722447847,0.3592364876656919
70,0.990978942030952,0.990978942030952,0.03361143819278195,0.635852092788333,0.16582582678113664,0.9856132172249459,0.9856132172249459,0.05755971150623786,0.22257732126761126,0.3455058473187524
71,0.9906128105663118,0.9906128105663118,0.034884339109772726,0.6177460466112409,0.17383218308289847,0.9878910538312551,0.9878910538312551,0.04817422499527802,0.1961505044553731,0.350445260872712
72,0.990433829171317,0.990433829171317,0.03572049222531773,0.6128850565070197,0.1762788529906954,0.9863554110398164,0.9863554110398164,0.05124242684325656,0.17140297032892704,0.3621835885821162
73,0.9902225108373732,0.9902225108373732,0.034513876551673525,0.6135839536076501,0.1752744906005405,0.9875284723333411,0.9875284723333411,0.04969957480962212,0.21945200820226926,0.34204064913698146
74,0.9908841223943801,0.9908841223943801,0.033774372190237045,0.6289033364681971,0.16870342336949848,0.9828292679142308,0.9828292679142308,0.061614664825233256,0.13253683457151055,0.38395463453756795
75,0.9909687099002656,0.9909687099002656,0.033696542272255534,0.6290428255285535,0.16860058868215197,0.9884193314088358,0.9884193314088358,0.04583426308188889,0.2099987003650214,0.34350238377983505
76,0.9912100774901254,0.9912100774901254,0.032834527925366445,0.6359179672740755,0.16533366129511878,0.9867368984866787,0.9867368984866787,0.05292910659635389,0.22431381811966766,0.34203169716371074
77,0.9913123675755092,0.9913123675755092,0.033037583565428144,0.6461098449570792,0.1613786621462731,0.9855432413719796,0.9855432413719796,0.05874897519478927,0.1857542367148641,0.36094675434602275
78,0.991206773689815,0.991206773689815,0.03261753065245492,0.6396889885266622,0.16369461232707613,0.9877045025696626,0.9877045025696626,0.047545136934196625,0.2005954793075452,0.3482873947233767
79,0.9914512038230896,0.9914512038230896,0.03279858987246241,0.6458512118884495,0.16133785815466017,0.986120072571007,0.986120072571007,0.05192897529215426,0.23785769526620168,0.3360152309005325
80,0.9914094862483797,0.9914094862483797,0.03156231467922529,0.6457011926741827,0.1606572231366521,0.9876617305987591,0.9876617305987591,0.0516485729934396,0.20229968549431981,0.3500705546623952
81,0.9916421912965321,0.9916421912965321,0.03229111087109361,0.6500817650840396,0.15934206616310848,0.9892185572031382,0.9892185572031382,0.04379117901663523,0.21961045728341952,0.338428660019024
82,0.9908288660503569,0.9908288660503569,0.03501844024729161,0.6224540386881147,0.17202958180790856,0.9858782968005618,0.9858782968005618,0.05452751066233661,0.19679978796960534,0.3539961350930704
83,0.9913184898240226,0.9913184898240226,0.03271280938670749,0.6363401654220763,0.1650917029806546,0.9865388757473713,0.9865388757473713,0.055190516434408525,0.21031286325809118,0.34898879399170746
84,0.9910540126618885,0.9910540126618885,0.03373345120676926,0.629967294988178,0.168253260354201,0.9808652980907543,0.9808652980907543,0.07072051533976116,0.08137677313454726,0.4098820452754562
85,0.9915823879696074,0.9915823879696074,0.03256148312773023,0.6497188494319007,0.1596493980004674,0.9837628232466208,0.9837628232466208,0.06035490953237624,0.1770086211932672,0.3654098937640319
86,0.9917592604955038,0.9917592604955038,0.03186334234972795,0.652061497881299,0.15829361939714068,0.9876353450723596,0.9876353450723596,0.051072082557790985,0.14983844233525767,0.3707071462193051
87,0.9921868727320716,0.9921868727320716,0.03031634424059164,0.6670835557438078,0.15135627665690013,0.9879052268492209,0.9879052268492209,0.05187787236394109,0.16712797543889768,0.36427662098729935
88,0.992261080514817,0.992261080514817,0.030060343266952606,0.6783083421843392,0.14671279170683452,0.9873813342403721,0.9873813342403721,0.050243337261112964,0.1992925151779845,0.3504297773580293
89,0.9923382997512817,0.9923382997512817,0.03034728898533753,0.6781044346945626,0.14696679761012396,0.9855424262381889,0.9855424262381889,0.05619006432794236,0.20228878509353948,0.35280033301662755
90,0.9922389813831874,0.9922389813831874,0.030880716762372425,0.6665618391264052,0.1519038812035606,0.9859957550023053,0.9859957550023053,0.0615956812492899,0.21742158836206874,0.3499909059421436
91,0.9922648611522856,0.9922648611522856,0.0301657562099752,0.6728207610902333,0.14897130926450095,0.9881695702269271,0.9881695702269271,0.051822867949266695,0.18411853265117956,0.3574465424627871
92,0.9921426290557498,0.9921426290557498,0.030427012592554092,0.6629713489895775,0.15306768850201652,0.9880300276988262,0.9880300276988262,0.051695632572109636,0.20313286046321327,0.34976401844540156
93,0.9926617202304658,0.9926617202304658,0.029666877307352565,0.6841749038015094,0.1441303537715049,0.9894224389179332,0.9894224389179332,0.047807354681395194,0.18401751012818232,0.3550765313006736
94,0.9926793717202687,0.9926793717202687,0.028955973862182526,0.6852746492340451,0.14326370259126028,0.9887722988386412,0.9887722988386412,0.052699944658859355,0.17030232077514804,0.3634989245517834
95,0.9929213041350955,0.9929213041350955,0.02820724222276892,0.6942437433061146,0.13922644548472904,0.9862767280759038,0.9862767280759038,0.06051792184243331,0.180396388712767,0.3641511838178377
96,0.9931021957170396,0.9931021957170396,0.02782237414448034,0.7058607538541158,0.13434898392075584,0.9870071846085626,0.9870071846085626,0.055308542541555455,0.19350513423214089,0.355781810509192
97,0.9931706644239879,0.9931706644239879,0.028257719551523525,0.7057935652278718,0.13463697405088515,0.9861696861885689,0.9861696861885689,0.06091974434014913,0.19423741192833796,0.35885624788902903
98,0.9923620309148516,0.9923620309148516,0.030514775021445183,0.672102689743042,0.14946786136854262,0.9866448495839093,0.9866448495839093,0.05680354583907772,0.17376150009599892,0.36457609969216426
99,0.9926720034508478,0.9926720034508478,0.02936345108208202,0.6841987513360523,0.1439385534751983,0.9853724209037987,0.9853724209037987,0.06100523351012049,0.16481319341707873,0.3706785746522852
100,0.9930394320260911,0.9930394320260911,0.028372750484517643,0.6990393825939724,0.13740774882691248,0.9893641165784888,0.9893641165784888,0.04785521444235299,0.1804236790819748,0.35654202747989344
101,0.9935504425139654,0.9935504425139654,0.02609681391290256,0.7203397694088164,0.12752195447683334,0.9873182096996823,0.9873182096996823,0.058210901815343545,0.1947405079530703,0.3570286824896529
102,0.9935614949180966,0.9935614949180966,0.026514699327803794,0.7140170051938012,0.13030174800327846,0.9880032958211126,0.9880032958211126,0.055419722722994315,0.22644415296412804,0.3426748224206873
103,0.9938046307790847,0.9938046307790847,0.025901165214322862,0.7310292919476827,0.12312943169048854,0.9869234513592076,0.9869234513592076,0.059215676945609017,0.2223277499748243,0.34659763606818944
104,0.9939529895782471,0.9939529895782471,0.02524805778548831,0.7334996206419808,0.12174907894361586,0.9877633081900107,0.9877633081900107,0.05644110378784102,0.23020430342168421,0.3417844305167327
105,0.9940865096591768,0.9940865096591768,0.024735559576324055,0.7366380067098708,0.12018665919701259,0.988604901610194,0.988604901610194,0.054208047486640314,0.21607564470252474,0.3460971092855608
106,0.9941288090887523,0.9941288090887523,0.024623132532551176,0.7373161032086327,0.11984724764313016,0.9876264688130971,0.9876264688130971,0.05925263076819278,0.1951596247586044,0.35748857098656733
107,0.994114066873278,0.994114066873278,0.02485229686966964,0.7387886246045431,0.1193959755556924,0.9880504704810478,0.9880504704810478,0.05636142697688695,0.22922779398190007,0.3421263928348954
108,0.9941500964618865,0.9941500964618865,0.02467098841000171,0.7422814454351153,0.11788993790036156,0.987410348814887,0.987410348814887,0.05965904317594863,0.21146417540070173,0.35120954465221715
109,0.9942378458522615,0.9942378458522615,0.02445720269211701,0.7437690609977359,0.11716669655981518,0.9878816814035982,0.9878816814035982,0.05740674841846969,0.21160874878232544,0.34980038130605545
110,0.9941436392920358,0.9941436392920358,0.024538662639402208,0.7459947864214579,0.11632543660345532,0.9865151595424961,0.9865151595424961,0.061307341867202034,0.19577581485783732,0.35847435206980316
111,0.9942288058144706,0.9942288058144706,0.024106046007502647,0.7437651441210792,0.11695719297443118,0.9882070293297639,0.9882070293297639,0.05649566881962725,0.22940765341391434,0.34213570324150294
112,0.9943836161068508,0.9943836161068508,0.02407133641342322,0.7540033800261361,0.11284160684971582,0.9880434661298185,0.9880434661298185,0.05931646970880998,0.2057236703867848,0.3533002830840446
113,0.9943949551809401,0.9943949551809401,0.023811430625972293,0.7447675863901774,0.11637987196445465,0.9880400396682121,0.9880400396682121,0.057097829979013755,0.21840165515203733,0.34689904709120056
114,0.9945700622740246,0.9945700622740246,0.023426343021648272,0.755891291868119,0.1116992597069059,0.986320795239629,0.986320795239629,0.06749301715879827,0.21762544208684484,0.3534460309389475
115,0.9947116261436826,0.9947116261436826,0.022745254582592418,0.760724005245027,0.1093578278308823,0.9872592349310179,0.9872592349310179,0.06152795154500652,0.22598232943061236,0.34652393492492467
116,0.9946200592177254,0.9946200592177254,0.023007208570128397,0.7584387461344401,0.11042858908573787,0.9875592476612812,0.9875592476612812,0.0615090479117793,0.22277234625574704,0.34779681869455287
117,0.994668478057498,0.994668478057498,0.022983479890085402,0.7570500118391854,0.11096995785122826,0.987124091870076,0.987124091870076,0.06382850034011377,0.22869983859158852,0.3468187185558113
118,0.9946623047192892,0.9946623047192892,0.022967956871503874,0.7595637327148801,0.10995525760310036,0.9872177678185541,0.9872177678185541,0.06355361549838169,0.21056311567490166,0.35390512766064824
119,0.9948736173766,0.9948736173766,0.02212766052356788,0.7691970978464399,0.10559788665601186,0.9880242347717285,0.9880242347717285,0.05995510347388886,0.21743181498872266,0.3490003806513709
120,0.9948292204311916,0.9948292204311916,0.022385046418224062,0.7637961478460402,0.10791247054224923,0.9876134331161911,0.9876134331161911,0.062356603608743566,0.2249746789803376,0.34742280277045995
121,0.9947435373351687,0.9947435373351687,0.022867198678709212,0.760366249652136,0.10957366050708861,0.9877409951106922,0.9877409951106922,0.060446887704971676,0.219231446248454,0.3485754430294037
122,0.994785589831216,0.994785589831216,0.022252110054805166,0.7625518952097211,0.10833038496119636,0.9886448866612202,0.9886448866612202,0.057163908070809136,0.2173995894153376,0.34733806993510274
123,0.9948082168896993,0.9948082168896993,0.022509399003216198,0.7674736153511774,0.1065164449669066,0.9860864201107541,0.9860864201107541,0.06962826817825034,0.2264343237353338,0.3512022559707229
124,0.9946544085230146,0.9946544085230146,0.022885860165669805,0.7554790377616882,0.1115397796744392,0.9886914121138083,0.9886914121138083,0.05818957593795415,0.21574793222385483,0.3486145952263394
125,0.9948154006685529,0.9948154006685529,0.022352618209662892,0.7628279243196759,0.10828040185428801,0.9879032711724978,0.9879032711724978,0.0624491092119668,0.22625893928311966,0.3469650237946897
126,0.9948872583253043,0.9948872583253043,0.02217229571016062,0.7703127066294352,0.10517820077283042,0.9876760792087864,0.9876760792087864,0.06205932796001434,0.22623507416731603,0.34674104806539174
127,0.9951677577836173,0.9951677577836173,0.02104618741820256,0.7775812461262658,0.10159516086181004,0.9878372098948505,0.9878372098948505,0.06314121649877445,0.22066672559122782,0.349618832001815
128,0.9952064099765959,0.9952064099765959,0.02107236126349086,0.7831864782742092,0.09936851511398952,0.9879264799324242,0.9879264799324242,0.06330655887722969,0.2154149722207237,0.3518179848387435
129,0.9948985888844445,0.9948985888844445,0.0223928905491318,0.7673339872133165,0.1065024563244411,0.9874504224674122,0.9874504224674122,0.06363218358239613,0.21373615544792768,0.3526835514081491
130,0.9949509870438349,0.9949509870438349,0.02169492734330041,0.767734462306613,0.10592353805190041,0.986848104644466,0.986848104644466,0.06693090266875319,0.22854085347136935,0.3487434467753848
131,0.9949709262166705,0.9949709262166705,0.02214253605121658,0.7749039246922448,0.10332365688823518,0.9875454097180754,0.9875454097180754,0.06458514153554633,0.21877807801639712,0.3512395781439704
132,0.9952509573527745,0.9952509573527745,0.020385974485959326,0.7839824216706412,0.09863896845352083,0.9883561923697188,0.9883561923697188,0.06357805974580147,0.21726721162731583,0.3512402531262991
133,0.9953131448654902,0.9953131448654902,0.02091226593724319,0.783810039361318,0.09902315090099971,0.9873113712748965,0.9873113712748965,0.06524403010671204,0.21239486517938408,0.3541878115486454
134,0.9951343195778983,0.9951343195778983,0.02147659042938834,0.776912428083874,0.10212082557734989,0.9879737303063676,0.9879737303063676,0.06417009989554817,0.1984695068283661,0.35911511891597026
135,0.9953548198654538,0.9953548198654538,0.020495342401166756,0.7859201601573399,0.0979290512346086,0.9880320558676848,0.9880320558676848,0.061035193301535944,0.2097978459016697,0.3527020538175428
136,0.9954023786953518,0.9954023786953518,0.020182321025502114,0.7890567211877733,0.0964865233926546,0.9877278756450962,0.9877278756450962,0.06575809338608303,0.2110369180303973,0.3550390810579867
137,0.9953809891428266,0.9953809891428266,0.020098555833101273,0.7882644165129888,0.0967533208784603,0.986317119082889,0.986317119082889,0.07066207942930428,0.2122450132627745,0.3574982188843392
138,0.9954981065931774,0.9954981065931774,0.019715428263658567,0.7949166553361076,0.09386235972245534,0.9874584852038203,0.9874584852038203,0.06683208300052462,0.2108807231526117,0.3557483247808508
139,0.9954271089463007,0.9954271089463007,0.020208128506229037,0.7881041623297191,0.09688329980486915,0.9876018649822956,0.9876018649822956,0.06635863968246691,0.20491107029689326,0.3578516671786437
140,0.9955664305459886,0.9955664305459886,0.019473241331676643,0.7992701899437678,0.09197592770769483,0.9871064956123764,0.9871064956123764,0.07071345520986093,0.21559869991363706,0.35618899077982513
141,0.9955950350988478,0.9955950350988478,0.019253322366802467,0.796868432135809,0.09280472355229515,0.9880200817778304,0.9880200817778304,0.06483087477249068,0.2150142388166608,0.3528930093791034
142,0.9955714032763526,0.9955714032763526,0.019910619815900213,0.7960169854618254,0.09353928019603093,0.98833518414884,0.98833518414884,0.06262239672847696,0.20655831372415698,0.354951887517362
143,0.9955382489022755,0.9955382489022755,0.019474005016187828,0.7951104896409171,0.09364015236496925,0.9867076583810754,0.9867076583810754,0.06978713459259756,0.22897211532737757,0.3502827705563726
144,0.9954761039643061,0.9954761039643061,0.01944262729514213,0.7988980157034737,0.09210631322293054,0.9880556866929338,0.9880556866929338,0.06466338501588718,0.19092351268674876,0.36243007392496673
145,0.9956640317326501,0.9956640317326501,0.018966977085386003,0.8072171381541661,0.08849348518110457,0.9874933523100775,0.9874933523100775,0.06974987383629824,0.2225921678583364,0.35281240617906723
146,0.99590912319365,0.99590912319365,0.017961197399667332,0.8094550910450163,0.08699480302277066,0.9876483759364566,0.9876483759364566,0.06676651537418365,0.2247179061979861,0.3501728523421932
147,0.9956295291582743,0.9956295291582743,0.01913447083816642,0.8033710405940101,0.09013224464087259,0.9875577076061351,0.9875577076061351,0.06659085192793124,0.22425921664044662,0.3502508683784588
148,0.9956816832224528,0.9956816832224528,0.01878213540961345,0.8014719599769229,0.0906805106926532,0.9869037286655323,0.9869037286655323,0.07016650859165836,0.23531144051938443,0.3479754191798133
149,0.9959695509501866,0.9959695509501866,0.017405220795245396,0.8157540219170707,0.08414122462272644,0.9877693524231782,0.9877693524231782,0.06833700221535322,0.21968868213730888,0.35312721858153473
150,0.9960629826500302,0.9960629826500302,0.01775653385335491,0.8144949816522145,0.08485591447069532,0.9876201120582787,0.9876201120582787,0.06914127366365613,0.2194335013628006,0.35371200538970327
151,0.9961817832220168,0.9961817832220168,0.016813309951907114,0.8252996348199391,0.07996832969642821,0.987921109070649,0.987921109070649,0.0682172226543362,0.21510384433172844,0.3548893719106107
152,0.9963372207823253,0.9963372207823253,0.016221396536344572,0.8326401653743926,0.07667667596113115,0.9876007212174905,0.9876007212174905,0.07009285215187717,0.2196037070573987,0.3542152586820963
153,0.9963030162311736,0.9963030162311736,0.016496356621029832,0.8329110145568848,0.07673367414446104,0.9876955393198374,0.9876955393198374,0.07004885425841487,0.21708859080398404,0.3551948424932119
154,0.9963155956495375,0.9963155956495375,0.016402097418904305,0.8269970871153332,0.07904246130159923,0.9876097650141329,0.9876097650141329,0.07060953088708825,0.21816795883146492,0.3550971367874661
155,0.9962887111164275,0.9962887111164275,0.01664818353241398,0.8280570876030695,0.07876595499969664,0.9875485059377309,0.9875485059377309,0.0713822519457018,0.21914894153942932,0.3551693357325889
156,0.9963304741042001,0.9963304741042001,0.01643181707532633,0.8309700630960011,0.07747094883095651,0.9876698754929207,0.9876698754929207,0.07064066041965743,0.21753980672440013,0.35536905076052694
157,0.9963933882259187,0.9963933882259187,0.016095377549174287,0.8357882159096854,0.0753420176250594,0.9873951109679969,0.9873951109679969,0.07187678725332827,0.21916794837326617,0.35545969895414403
158,0.9963440639632088,0.9963440639632088,0.016248135250948724,0.828770467213222,0.07824077882937022,0.9875005241986867,0.9875005241986867,0.07154400636618202,0.21859792096389308,0.3554880892908251
159,0.996266367889586,0.996266367889586,0.016840775674652485,0.8267867111024403,0.07938979974105245,0.9877029592926437,0.9877029592926437,0.07005923191035116,0.21500382058926532,0.356034694491206
160,0.9964050565447126,0.9964050565447126,0.016078440605529716,0.8349933681033906,0.0756498882103534,0.9877237355386889,0.9877237355386889,0.07076140140762201,0.2146419356199535,0.3565996611440504
161,0.9963396134830657,0.9963396134830657,0.016465954659950165,0.8311480482419332,0.07742020878053847,0.9878910425547007,0.9878910425547007,0.06963298791969144,0.2148964663816465,0.35582237871917516
162,0.9963976485388619,0.9963976485388619,0.016094018705189228,0.8327171405156454,0.07656940587219738,0.9875480129912093,0.9875480129912093,0.07134713343269117,0.21574846735677203,0.3565104805134438
163,0.9963529109954834,0.9963529109954834,0.01629789594915651,0.8310018834613618,0.07737755154569943,0.9873921742310395,0.9873921742310395,0.07255424045630403,0.2144252195752956,0.3577616222806879
164,0.9963964479310172,0.9963964479310172,0.016128136244203364,0.8294133033071246,0.07791154530076753,0.9872360165054733,0.9872360165054733,0.07352595715909391,0.21778896541611567,0.35699887855632884
165,0.9963135350318182,0.9963135350318182,0.016553854968930994,0.8262456854184469,0.07943408226683027,0.9869263768196106,0.9869263768196106,0.07492825751369064,0.21926405743972674,0.3572519856530267
166,0.9964386934325808,0.9964386934325808,0.015920534907352357,0.8372194199335008,0.07466461864255723,0.9873644741805824,0.9873644741805824,0.07314306537847261,0.217423852331735,0.35691534667401703
167,0.9964359658105033,0.9964359658105033,0.015864041988693532,0.832305595988319,0.07659608232123512,0.9875948461326393,0.9875948461326393,0.07243881737058228,0.21548373332700213,0.3572699878666852
168,0.9964076394126529,0.9964076394126529,0.016048354584546315,0.8364532334463937,0.07504774736506599,0.9876431693901887,0.9876431693901887,0.07151768114921209,0.2160010283460488,0.35650955341957713
169,0.9964819493747893,0.9964819493747893,0.015733135952835993,0.8349311635607765,0.07546735306580861,0.9874313667013839,0.9874313667013839,0.07319964830939835,0.21612337050405708,0.3574709368718637
170,0.9964788414183117,0.9964788414183117,0.01583486298720042,0.8388417476699466,0.07396415869394939,0.9876022661054457,0.9876022661054457,0.07208393403404467,0.21612071839941516,0.35680217356295196
171,0.996468878927685,0.996468878927685,0.01594328015510525,0.835987715494065,0.07517074598442941,0.9874210921493737,0.9874210921493737,0.07327064388507121,0.21762849863719297,0.35691030524872447
172,0.9964187429064796,0.9964187429064796,0.015920634159729594,0.8321979102634248,0.07667355753836178,0.9875676422505766,0.9875676422505766,0.07249131214779776,0.2167721796478774,0.356785410159343
173,0.9964782226653326,0.9964782226653326,0.015749468068991388,0.8373044644083295,0.07452771493366786,0.9877185193268029,0.9877185193268029,0.07205754166116586,0.21695895996448156,0.3564506157024487
174,0.9965103609221322,0.9965103609221322,0.015608280010166623,0.83391463188898,0.0757990734917777,0.9878414402136931,0.9878414402136931,0.07112028620935776,0.21549802585630803,0.35647385345922933
175,0.9964672554106939,0.9964672554106939,0.015768372985933508,0.8348989628610157,0.07550146537167686,0.9875126529384304,0.9875126529384304,0.07246609505366634,0.2164225870290318,0.35691022872924805
176,0.9964609884080433,0.9964609884080433,0.015875080023847875,0.8376735193388802,0.07445566906105905,0.9876446256766448,0.9876446256766448,0.07249088625650148,0.21550354210508837,0.35729264004810435
177,0.9963716665903727,0.9963716665903727,0.016424234646062057,0.8309081083252317,0.07749121174925849,0.9875932287525486,0.9875932287525486,0.07262880506144988,0.21441520106148076,0.3578101388505987
178,0.9965131453105381,0.9965131453105381,0.015491061001306488,0.8360477629162016,0.07487568135062854,0.9876159477878261,0.9876159477878261,0.07259981767148585,0.21554879119267334,0.3573398662580026
179,0.9964825198763892,0.9964825198763892,0.015779079514599982,0.8374932266417003,0.07446996903135664,0.9874773073840786,0.9874773073840786,0.07366558758390916,0.21438055596238859,0.3584475074265454
180,0.9964001746404738,0.9964001746404738,0.016164264641702175,0.8322918812433878,0.0767819443274112,0.987629958101221,0.987629958101221,0.07259966996875969,0.2155640689102379,0.3573339186810158
181,0.9964982129278637,0.9964982129278637,0.015698085095556008,0.8318036312148684,0.07669729721688089,0.9877787925101615,0.9877787925101615,0.07163211189814515,0.21570180950535311,0.3566984340951249
182,0.9965119929540724,0.9965119929540724,0.015647507183963343,0.8346508230481829,0.0755282420487631,0.9876814452377526,0.9876814452377526,0.07261750545050646,0.21572639360218435,0.35727863617845484
183,0.9964352562313988,0.9964352562313988,0.016095424647487346,0.8335527720905486,0.07623593331802458,0.9875182879937662,0.9875182879937662,0.07282952984442582,0.2193254777104468,0.3559669868366138
184,0.9964233863921392,0.9964233863921392,0.015925721841908637,0.8354460852486747,0.0753770378373918,0.9876541608088726,0.9876541608088726,0.07208882755524404,0.21682969188770732,0.3565213535283063
185,0.9964702214513507,0.9964702214513507,0.01581325155815908,0.8339863958812895,0.07589323233280863,0.9877113426053846,0.9877113426053846,0.07246975379215705,0.2144667532395672,0.35769656944919276
186,0.9965994499978565,0.9965994499978565,0.01517865261329072,0.840522153036935,0.07289866872486614,0.9877623384063309,0.9877623384063309,0.07252687185599997,0.21370616927742958,0.3580340936377242
187,0.996589686189379,0.996589686189379,0.015302816982425395,0.8447786087081546,0.07127053255126589,0.987632817513234,0.987632817513234,0.07338599780121365,0.2164754610810731,0.35744140679771835
188,0.9965237180391947,0.9965237180391947,0.015761302695387884,0.8373987135433015,0.07449745528754734,0.9878428191752047,0.9878428191752047,0.07189846592577728,0.2154386006295681,0.35696290876414327
189,0.996562693800245,0.996562693800245,0.015380840526805037,0.8369902145294916,0.07443238510971978,0.9875307485863969,0.9875307485863969,0.0732449724062069,0.21682107750628446,0.35721667312287
190,0.9965145701453799,0.9965145701453799,0.01556381516690765,0.8396467935471308,0.07347980159379187,0.987584337994859,0.987584337994859,0.07312348273557585,0.21795377155413498,0.3566920120973845
191,0.996543614637284,0.996543614637284,0.015501833786921842,0.8385263198897952,0.07389073783443087,0.9876808765772227,0.9876808765772227,0.07271035639820872,0.2168287405291119,0.3568959477785471
192,0.9965373476346334,0.9965373476346334,0.015590062054495016,0.8344259545916602,0.07558359152504376,0.987492869029174,0.987492869029174,0.07367656752467155,0.21598317041187673,0.35781244410050883
193,0.9965272034917559,0.9965272034917559,0.015540403668724355,0.835941025188991,0.0749480083939575,0.9875109485677771,0.9875109485677771,0.07314666864034292,0.21469672749171387,0.3580083009358999
194,0.9965846652076358,0.9965846652076358,0.015331597422205266,0.8416809553191775,0.0725266362229983,0.9876516396934921,0.9876516396934921,0.07285764521440945,0.21600944156179558,0.35731038612288396
195,0.9965671499570211,0.9965671499570211,0.015383015741549787,0.8379927816845122,0.07403279858685675,0.9875865417557794,0.9875865417557794,0.07370997200141081,0.217351055326494,0.3572849816567189
196,0.9966463758831933,0.9966463758831933,0.01492753429781823,0.8443350053968883,0.07122266274832544,0.9875926488154644,0.9875926488154644,0.07363721748461595,0.2173286739837479,0.3572511141364639
197,0.9966097757929847,0.9966097757929847,0.01517858768680266,0.8401835305350167,0.07303377914996374,0.9877204685597807,0.9877204685597807,0.07304948870394681,0.21556022682705442,0.35760625149752645
198,0.9965942842619759,0.9965942842619759,0.015263962115915049,0.8438696549052284,0.07161042945725578,0.9876661252331089,0.9876661252331089,0.07320977072860743,0.21462944935302478,0.3580745353892043
199,0.996616386231922,0.996616386231922,0.015085044405644848,0.842777206784203,0.07194000056811742,0.9874837430747779,0.9874837430747779,0.07421556165492213,0.21884151336711807,0.35699198938704824
200,0.9966163833936056,0.9966163833936056,0.015089959881844976,0.843198747861953,0.07177435801852317,0.9875402804967519,0.9875402804967519,0.07410504387037174,0.21777584222522942,0.3573541504305762
201,0.9967051829610553,0.9967051829610553,0.014703001693955489,0.846721643493289,0.07013296814901489,0.987589064482096,0.987589064482096,0.07393968538255305,0.2172785189908904,0.35745308205888077
202,0.9966668571744647,0.9966668571744647,0.014890928752720356,0.8449110729353768,0.07097014305847031,0.9875981968802374,0.9875981968802374,0.0739457145131923,0.21746582286180677,0.357383309183894
203,0.9966773305620465,0.9966773305620465,0.014874138736299105,0.8426515828995478,0.07186395160499073,0.9876236883369652,0.9876236883369652,0.07387491506901947,0.21726995938130328,0.35741631726960876
204,0.9966791016714913,0.9966791016714913,0.014830747574922584,0.8443470710799807,0.0711599136037486,0.9876252461124111,0.9876252461124111,0.07394652984835007,0.21726392471307032,0.35746157410982493
205,0.9966697267123631,0.9966697267123631,0.014956738888507798,0.8446199922334581,0.07112579863695871,0.9875990071812192,0.9875990071812192,0.07413086506563264,0.217327927918853,0.3575471696015951
206,0.9966301662581307,0.9966301662581307,0.015257595240005426,0.8430343241918654,0.07194069879395622,0.987611314734897,0.987611314734897,0.07404494054011397,0.21727507732607224,0.3575177071867762
207,0.9967372814814249,0.9967372814814249,0.014659135158927668,0.8485733781542096,0.06936587677115486,0.9876201040035969,0.9876201040035969,0.07400118861649488,0.21717849655731306,0.357528665581265
208,0.9966635590507871,0.9966635590507871,0.015004685858175867,0.8443407501493182,0.07126664370298386,0.9875908590651847,0.9875908590651847,0.07422400920374973,0.21731010753963445,0.3576121797432771
209,0.9966426009223575,0.9966426009223575,0.01514156371177662,0.8415229973338899,0.07247569482950937,0.9876164471780932,0.9876164471780932,0.07407867525880402,0.2171179072276966,0.35760198171074326
210,0.9967266122500101,0.9967266122500101,0.01468375897301095,0.8465547533262343,0.07018832844637689,0.9876273548280871,0.9876273548280871,0.0740732043176084,0.21684507874620929,0.35770574936995636
211,0.9966417380741665,0.9966417380741665,0.015200137293764524,0.8392301655951,0.07342799132068951,0.9876614116333626,0.9876614116333626,0.07394169291128984,0.2169048094467537,0.3576026188360678
212,0.9966611663500468,0.9966611663500468,0.015106409477690855,0.843762301263355,0.07155868233669371,0.9876878760956429,0.9876878760956429,0.07374408649834427,0.2170053336870026,0.35744367580156067
213,0.9967191957292103,0.9967191957292103,0.01479875287484555,0.8460193815685454,0.07047143436613537,0.9876221402271373,0.9876221402271373,0.07413012292739507,0.217537216741491,0.35746206302900574
214,0.9966422688393366,0.9966422688393366,0.015084591428084033,0.8441689894312904,0.07138322364716303,0.9876454408104355,0.9876454408104355,0.07399345290016483,0.21713982119753555,0.357540301374487
215,0.9966412129856291,0.9966412129856291,0.015169647921408926,0.8411013171786353,0.07266111778361457,0.9876552256377967,0.9876552256377967,0.07386871487707705,0.21687723937872294,0.3575685918331146
216,0.9966896800767808,0.9966896800767808,0.015004758057849748,0.8452072455769494,0.07091999320047242,0.9876175812772803,0.9876175812772803,0.0742317282066152,0.2169815905996271,0.3577452527510153
217,0.9966318834395635,0.9966318834395635,0.01521042978302354,0.8432067462376186,0.07184351785551935,0.9876880516877046,0.9876880516877046,0.0737863134693455,0.21651779971009977,0.35766491052266713
218,0.9966758007094974,0.9966758007094974,0.015027480466025216,0.841378010454632,0.07246518259247144,0.9876580673295099,0.9876580673295099,0.07400405437156961,0.21684545510121295,0.35766482997584986
219,0.9966378155208769,0.9966378155208769,0.015268419869244099,0.8433173554284232,0.07183426387962841,0.987648788336161,0.987648788336161,0.07400761554772789,0.21681308998046694,0.3576807991878406
220,0.9966260421843756,0.9966260421843756,0.01534817460924387,0.8399049781617665,0.07324681164962905,0.9876080445341162,0.9876080445341162,0.07423603232647921,0.21703069153669718,0.3577301792196325
221,0.9967047004472642,0.9967047004472642,0.014834398359415076,0.8471895456314087,0.07002447226217814,0.9875860584748758,0.9875860584748758,0.07438224997069384,0.21708334891780004,0.35779637984327367
222,0.9966328427905128,0.9966328427905128,0.015199188808245319,0.8419867243085589,0.07232465257956869,0.9876031521204356,0.9876031521204356,0.07425122345621521,0.21684482744013941,0.3578131311648601
223,0.9965845658665612,0.9965845658665612,0.015512125522253058,0.8390051069713774,0.07370523913275628,0.9876084601556933,0.9876084601556933,0.07429735644443615,0.2166912014017234,0.3579017777700682
224,0.9966878607159569,0.9966878607159569,0.015066504788895449,0.8435148227782476,0.07163405099085399,0.9876594559566395,0.9876594559566395,0.07403224817401655,0.21652854344732053,0.35780824922226573
225,0.9966955156553359,0.9966955156553359,0.014923716717887493,0.846087205977667,0.07051954418420792,0.9876131060961131,0.9876131060961131,0.07431524941647374,0.21710138214198318,0.35775005414679245
226,0.9967105417024522,0.9967105417024522,0.014872719356346698,0.8501808245976766,0.06885124139842533,0.987611477439468,0.987611477439468,0.07433720547202471,0.21691361452276642,0.35783734837093867
227,0.9966614047686259,0.9966614047686259,0.015011572944266456,0.8427612696375165,0.07190243314419474,0.987638929405728,0.987638929405728,0.07418566700574514,0.21666095456158793,0.35784878521352204
228,0.996703931263515,0.996703931263515,0.014958242930117108,0.8454692903019133,0.07078719955115091,0.9875850033115696,0.9875850033115696,0.07447391667881527,0.21714573434075793,0.35782570291209864
229,0.9966800099327451,0.9966800099327451,0.014982042301978384,0.8461591317540124,0.07052561622999963,0.9876060163652575,0.9876060163652575,0.07426085786239521,0.21684675301248962,0.35781759345853653
230,0.996674222605569,0.996674222605569,0.015083024854816142,0.846264069988614,0.07054411353809494,0.9875766924909644,0.9875766924909644,0.07443879232616038,0.21716026579206055,0.357799073328843
231,0.9966827886445182,0.9966827886445182,0.014926584260094734,0.8422398056302752,0.07205999145905177,0.9875609697522344,0.9875609697522344,0.07446627751798243,0.21754102267929026,0.3576628855756811
232,0.9966767543838138,0.9966767543838138,0.015081993703331267,0.8461038810866219,0.07060754192726952,0.9876475575807933,0.9876475575807933,0.07394762166045807,0.2169479811312379,0.3575908219492113
233,0.9967492960748219,0.9967492960748219,0.01464138122364169,0.8475264509518942,0.0697740845027424,0.9875797838778109,0.9875797838778109,0.07445332065627382,0.21752683083350594,0.35766175389289856
234,0.9966919280233837,0.9966919280233837,0.014999949417653539,0.8445604557082766,0.07117585731404168,0.9876301417479644,0.9876301417479644,0.07418424746877439,0.21707012947346713,0.357682107268153
235,0.9966859022776285,0.9966859022776285,0.015061751362823304,0.8422827465193612,0.07212414965033531,0.9875804314742217,0.9875804314742217,0.07446882440834432,0.2172120908224905,0.3577967584133148
236,0.9966984788576762,0.9966984788576762,0.01492407594230913,0.8458604897771563,0.07061049448592323,0.9875634006551794,0.9875634006551794,0.07456201123627457,0.21729294844978564,0.3578198552131653
237,0.9966091996147519,0.9966091996147519,0.015621534105212916,0.8370179874556405,0.07456555660991442,0.9875621070732942,0.9875621070732942,0.07455010228865855,0.21664531428266215,0.3580717943810128
238,0.9967338783400399,0.9967338783400399,0.014644072790231024,0.8476533123425075,0.0697249330225445,0.987582396816563,0.987582396816563,0.07448397335168477,0.21583445299718831,0.35835438805657466
239,0.9966683756737482,0.9966683756737482,0.015207966789603233,0.8425007888248989,0.07212440705015546,0.9875543649132187,0.9875543649132187,0.07473161585024886,0.21593181496939143,0.3584661113249289
240,0.9966760448047093,0.9966760448047093,0.01510385259808529,0.8453114458492824,0.07093773941908564,0.9875696752522443,0.9875696752522443,0.07458511437918688,0.21571219430581942,0.35846318666999405
241,0.9966892458143688,0.9966892458143688,0.01489732028650386,0.844333963734763,0.07120489754847117,0.9876465088612324,0.9876465088612324,0.07413920699744611,0.2153674593648395,0.35833670641924886
242,0.9967358424550011,0.9967358424550011,0.014806542013372694,0.8432933971995399,0.07156680684004511,0.987584426596358,0.987584426596358,0.0745292763049538,0.2160706965101732,0.3582898982473322
243,0.996760484718141,0.996760484718141,0.014548989766765209,0.8509274408930824,0.06835823310982614,0.9875663438358823,0.9875663438358823,0.07454503508838448,0.21628222785688736,0.35821409724854136
244,0.9966451355389186,0.9966451355389186,0.015290478421818642,0.8444141972632635,0.07140858560090974,0.9875931449838586,0.9875931449838586,0.07440520037670394,0.216083138778403,0.35820976463524073
245,0.9967147509256998,0.9967147509256998,0.014859981258355436,0.8403373076802209,0.07278121440183549,0.9875496416478544,0.9875496416478544,0.07470896920642338,0.21657797855299873,0.3581926250779951
246,0.9966621200243632,0.9966621200243632,0.015256630478515512,0.8435506621996561,0.07173371971363113,0.9875722962456781,0.9875722962456781,0.07448832590032269,0.21648155666283658,0.35809939052607564
247,0.9966662327448527,0.9966662327448527,0.015067536827354204,0.8421996661594936,0.07216084180843263,0.9875408362697911,0.9875408362697911,0.07469033711665385,0.21674687747617025,0.3581175006724693
248,0.996715559845879,0.996715559845879,0.014844274857924097,0.8437382720765614,0.07141102655302911,0.9875668303386586,0.9875668303386586,0.07453727943671716,0.216432439415036,0.3581482172012329
249,0.9966814035461062,0.9966814035461062,0.015029332201395715,0.8412188121250698,0.0725301250460602,0.9875643043904692,0.9875643043904692,0.07463857561752603,0.21592561336787972,0.35841299633722046
